sep=,
Average FPS 42.43,Typical FPS 42.59,Average GPU 97,Average CPU 26
Frame,Time 0.1mS,GPU%,CPU%
0,387,0,0
1,217,100,0
2,230,99,29
3,364,98,72
4,193,95,14
5,220,98,55
6,397,95,68
7,213,94,13
8,187,86,43
9,381,93,13
10,224,99,16
11,206,91,70
12,285,99,31
13,221,100,31
14,213,96,11
15,214,97,69
16,261,94,11
17,217,98,30
18,201,94,11
19,179,92,32
20,225,96,21
21,202,99,29
22,208,93,12
23,185,99,77
24,203,98,13
25,200,99,12
26,205,100,19
27,188,99,63
28,226,99,13
29,200,95,17
30,209,88,67
31,185,100,12
32,212,94,27
33,198,91,24
34,207,99,20
35,182,99,12
36,222,91,21
37,194,99,77
38,217,99,13
39,184,98,11
40,231,94,50
41,183,99,45
42,220,97,14
43,200,93,28
44,195,98,19
45,212,99,13
46,205,100,30
47,210,98,78
48,206,100,12
49,206,98,18
50,201,100,75
51,208,98,13
52,219,93,30
53,195,99,35
54,209,99,13
55,226,94,12
56,193,99,23
57,202,98,13
58,218,98,19
59,205,100,29
60,217,99,13
61,215,99,23
62,206,100,66
63,219,100,13
64,224,92,63
65,219,97,11
66,187,99,11
67,220,97,42
68,208,98,12
69,201,99,12
70,219,86,37
71,198,98,12
72,193,100,20
73,222,93,58
74,206,99,11
75,197,100,12
76,221,97,58
77,237,93,18
78,183,94,27
79,208,98,27
80,225,99,12
81,183,100,11
82,216,98,63
83,198,98,12
84,220,100,57
85,188,99,58
86,222,99,14
87,185,100,11
88,218,98,95
89,230,95,17
90,215,98,16
91,219,99,41
92,201,92,12
93,219,99,25
94,214,95,77
95,242,99,12
96,215,99,58
97,224,93,12
98,224,99,87
99,213,100,17
100,234,92,18
101,243,98,51
102,209,96,42
103,196,97,79
104,231,98,26
105,211,99,45
106,223,99,12
107,213,98,17
108,206,100,80
109,232,98,24
110,195,97,51
111,211,95,19
112,227,93,18
113,209,95,28
114,214,100,12
115,209,88,17
116,225,99,55
117,188,98,12
118,215,96,32
119,223,100,84
120,199,99,11
121,213,100,20
122,224,99,30
123,206,92,11
124,206,99,37
125,221,90,38
126,209,95,11
127,201,99,69
128,228,99,19
129,195,99,11
130,219,99,54
131,227,98,11
132,206,100,11
133,209,98,62
134,231,100,12
135,191,95,28
136,212,99,13
137,229,94,12
138,215,98,34
139,207,100,11
140,225,99,19
141,198,99,51
142,207,99,13
143,230,99,25
144,191,98,38
145,226,97,14
146,224,100,28
147,201,96,11
148,208,99,19
149,241,93,69
150,205,92,10
151,194,98,19
152,235,99,65
153,193,99,11
154,203,98,32
155,238,99,72
156,191,98,16
157,214,99,76
158,234,99,24
159,197,96,16
160,206,98,32
161,226,90,12
162,207,100,11
163,203,99,31
164,235,100,19
165,191,97,26
166,203,98,13
167,224,100,18
168,209,99,34
169,213,100,12
170,228,92,12
171,205,99,67
172,220,96,12
173,233,88,17
174,200,98,32
175,196,97,13
176,219,98,19
177,212,100,61
178,212,99,12
179,231,100,78
180,199,98,5
181,210,98,46
182,235,94,48
183,216,96,11
184,214,92,30
185,211,99,11
186,210,100,12
187,203,99,55
188,232,98,12
189,194,98,11
190,219,98,39
191,226,99,11
192,209,100,29
193,198,95,18
194,239,99,19
195,198,97,32
196,217,99,19
197,228,96,11
198,190,97,51
199,206,100,13
200,233,99,12
201,189,98,55
202,226,97,14
203,224,99,16
204,205,100,41
205,207,94,19
206,249,98,78
207,200,91,10
208,209,100,19
209,225,98,75
210,192,98,11
211,209,99,67
212,235,98,73
213,195,97,11
214,203,98,59
215,237,98,12
216,201,100,16
217,224,95,31
218,232,94,24
219,200,97,27
220,199,95,12
221,235,99,13
222,198,99,28
223,205,99,13
224,232,99,12
225,190,99,72
226,215,99,13
227,227,98,12
228,202,100,45
229,214,96,12
230,229,99,18
231,205,94,62
232,205,92,12
233,233,99,76
234,194,99,10
235,220,99,27
236,229,98,76
237,194,99,11
238,217,98,41
239,228,100,35
240,205,96,11
241,200,99,76
242,246,98,13
243,199,96,10
244,223,98,79
245,218,99,11
246,193,99,29
247,208,98,14
248,235,98,12
249,194,98,26
250,214,98,13
251,236,98,17
252,207,94,71
253,202,99,12
254,231,94,59
255,207,100,32
256,218,98,12
257,227,99,64
258,202,100,11
259,210,99,19
260,230,98,30
261,195,99,11
262,218,98,67
263,243,91,41
264,198,98,16
265,216,98,31
266,243,87,12
267,195,97,26
268,207,96,13
269,221,98,12
270,216,99,59
271,205,100,12
272,227,99,12
273,212,100,75
274,220,99,12
275,231,93,28
276,197,98,11
277,220,92,13
278,231,97,69
279,193,98,11
280,218,98,20
281,231,99,54
282,197,100,38
283,216,98,92
284,228,99,11
285,209,99,11
286,213,99,36
287,232,93,19
288,195,98,27
289,212,91,20
290,236,98,12
291,195,97,66
292,251,97,13
293,229,97,31
294,205,100,5
295,200,98,51
296,228,99,50
297,203,99,11
298,303,86,18
299,247,100,34
300,217,91,47
301,249,100,18
302,255,99,62
303,224,99,20
304,208,97,16
305,207,97,12
306,208,97,55
307,214,100,12
308,230,99,18
309,229,93,33
310,205,97,11
311,212,92,61
312,212,100,12
313,207,97,12
314,230,100,31
315,209,99,10
316,212,99,24
317,210,99,74
318,209,99,12
319,213,99,73
320,224,91,18
321,215,100,23
322,205,98,30
323,214,99,12
324,230,92,29
325,192,97,34
326,209,97,13
327,214,99,18
328,209,99,86
329,212,100,12
330,217,99,29
331,210,99,18
332,226,93,25
333,202,100,66
334,214,91,13
335,208,99,12
336,217,99,37
337,215,99,11
338,206,99,18
339,213,99,85
340,210,99,12
341,205,100,42
342,237,99,31
343,249,99,27
344,239,97,57
345,233,99,44
346,222,95,48
347,235,98,34
348,241,99,67
349,236,100,26
350,241,99,77
351,216,96,47
352,234,93,37
353,231,99,27
354,280,97,77
355,272,87,50
356,242,96,19
357,247,89,46
358,261,99,42
359,228,97,24
360,260,98,98
361,232,99,25
362,258,99,72
363,231,98,34
364,251,86,34
365,244,100,56
366,262,99,26
367,240,92,58
368,240,98,22
369,235,99,64
370,235,99,22
371,219,99,87
372,261,98,29
373,243,100,63
374,226,99,60
375,240,95,23
376,243,98,37
377,241,95,15
378,244,96,58
379,206,96,16
380,257,95,81
381,226,100,15
382,238,98,75
383,217,99,17
384,269,97,70
385,215,95,18
386,238,98,80
387,248,99,16
388,230,92,48
389,221,99,16
390,245,97,78
391,200,96,10
392,227,96,78
393,252,98,22
394,226,100,21
395,210,99,11
396,257,84,18
397,218,100,49
398,224,91,18
399,236,97,81
400,225,98,10
401,234,94,28
402,235,98,16
403,219,100,32
404,228,90,11
405,227,100,58
406,232,99,16
407,224,93,63
408,231,98,11
409,231,94,28
410,209,97,10
411,236,98,18
412,219,100,32
413,212,99,11
414,247,98,60
415,215,100,15
416,231,99,42
417,225,99,11
418,241,93,29
419,207,99,10
420,233,99,19
421,240,92,71
422,240,95,16
423,212,100,54
424,233,98,49
425,212,100,44
426,232,100,11
427,203,99,66
428,232,97,13
429,233,95,27
430,208,100,33
431,235,96,25
432,238,97,38
433,202,99,10
434,235,96,57
435,218,100,11
436,214,99,52
437,221,99,12
438,240,99,11
439,212,100,32
440,225,99,18
441,244,93,62
442,215,100,16
443,232,92,53
444,227,97,11
445,214,93,44
446,215,100,11
447,228,98,12
448,237,95,28
449,206,99,10
450,237,99,32
451,215,96,10
452,234,97,80
453,237,95,10
454,203,98,45
455,213,99,19
456,227,97,12
457,223,100,56
458,219,99,11
459,225,99,35
460,218,99,11
461,217,99,11
462,248,93,42
463,199,98,10
464,235,96,32
465,237,94,11
466,201,96,59
467,218,98,13
468,233,99,29
469,205,99,32
470,219,99,12
471,227,98,84
472,211,100,17
473,214,99,17
474,252,95,38
475,204,97,24
476,219,96,44
477,249,100,11
478,202,100,32
479,215,96,12
480,231,100,17
481,202,99,29
482,222,99,12
483,227,99,45
484,217,99,17
485,213,99,29
486,253,92,55
487,209,93,10
488,204,97,38
489,230,100,18
490,216,99,34
491,201,100,12
492,234,99,12
493,201,99,72
494,223,99,13
495,233,99,11
496,201,99,33
497,230,96,19
498,226,99,46
499,213,93,11
500,213,99,30
501,221,100,31
502,212,99,11
503,210,99,87
504,233,98,12
505,211,100,27
506,217,99,85
507,228,99,6
508,232,97,57
509,206,99,10
510,234,97,65
511,218,97,27
512,206,99,17
513,227,97,30
514,212,99,11
515,211,100,42
516,243,99,12
517,206,99,10
518,240,97,75
519,235,94,16
520,200,100,49
521,229,97,19
522,237,91,28
523,199,99,10
524,224,97,25
525,223,98,35
526,241,99,11
527,202,99,69
528,251,96,12
529,204,100,30
530,222,97,12
531,240,96,23
532,219,93,48
533,223,95,34
534,236,98,29
535,205,100,11
536,223,98,56
537,227,99,11
538,200,99,28
539,217,98,32
540,232,100,12
541,212,96,73
542,220,99,17
543,228,99,17
544,218,94,71
545,208,98,11
546,228,98,56
547,203,100,11
548,221,99,18
549,223,99,46
550,211,99,11
551,214,99,78
552,242,99,18
553,202,93,26
554,222,99,25
555,228,98,11
556,204,99,57
557,220,93,12
558,234,99,17
559,193,99,33
560,219,99,26
561,233,98,82
562,200,100,11
563,208,99,20
564,232,99,30
565,213,93,11
566,220,100,93
567,239,94,17
568,253,97,16
569,198,98,72
570,235,96,18
571,265,100,60
572,272,99,19
573,206,96,9
574,267,96,43
575,248,96,9
576,233,100,43
577,210,95,11
578,207,95,66
579,232,100,12
580,217,98,39
581,217,100,12
582,222,100,17
583,207,99,41
584,212,98,12
585,213,99,56
586,252,92,30
587,204,100,10
588,227,98,75
589,234,93,17
590,210,98,66
591,214,98,12
592,221,100,17
593,225,99,85
594,206,98,11
595,211,99,50
596,209,99,18
597,214,99,19
598,230,95,54
599,217,100,10
600,207,92,85
601,202,100,12
602,214,99,25
603,201,99,73
604,223,98,12
605,207,99,11
606,205,100,57
607,215,98,12
608,218,100,12
609,218,93,59
610,198,99,11
611,223,99,20
612,225,96,51
613,204,97,11
614,208,100,87
615,208,99,12
616,216,98,12
617,196,99,55
618,225,99,12
619,201,100,11
620,226,100,44
621,214,92,11
622,199,100,18
623,229,92,63
624,231,100,11
625,193,98,45
626,214,98,13
627,220,99,11
628,208,99,73
629,201,100,12
630,218,99,19
631,213,99,55
632,219,100,11
633,235,93,18
634,198,98,65
635,219,97,20
636,229,94,66
637,194,95,11
638,231,96,26
639,212,100,39
640,208,99,18
641,209,99,62
642,233,99,12
643,195,99,11
644,230,97,42
645,230,95,10
646,205,98,28
647,219,96,18
648,211,98,11
649,202,99,56
650,210,100,12
651,215,99,12
652,209,99,60
653,201,99,13
654,238,98,18
655,198,100,55
656,220,95,13
657,222,99,34
658,209,99,34
659,207,95,13
660,241,99,62
661,201,93,10
662,211,98,19
663,215,99,66
664,207,99,12
665,206,98,79
666,235,98,31
667,199,99,10
668,232,90,32
669,221,98,11
670,200,99,45
671,209,98,13
672,221,98,12
673,192,100,23
674,220,97,13
675,217,100,23
676,208,100,84
677,209,99,12
678,225,99,12
679,209,94,52
680,205,99,12
681,226,98,42
682,213,94,28
683,196,99,12
684,220,98,67
685,204,99,69
686,227,98,19
687,208,100,77
688,211,100,12
689,197,99,12
690,238,100,51
691,205,93,5
692,212,98,12
693,222,98,36
694,233,91,5
695,191,98,39
696,246,97,6
697,191,98,21
698,219,98,13
699,221,99,5
700,205,100,17
701,207,99,6
702,232,99,6
703,216,93,49
704,198,99,6
705,230,92,20
706,209,100,22
707,211,95,6
708,227,99,87
709,195,100,5
710,215,97,12
711,215,99,66
712,200,100,6
713,209,99,12
714,224,91,46
715,206,99,11
716,212,99,12
717,233,92,42
718,193,98,5
719,199,98,26
720,216,99,80
721,215,99,5
722,223,97,55
723,221,100,5
724,199,100,6
725,213,100,25
726,227,99,6
727,206,93,11
728,202,98,83
729,228,93,6
730,193,98,17
731,208,99,6
732,218,99,6
733,195,100,30
734,211,99,6
735,225,99,6
736,196,99,17
737,212,99,6
738,234,94,6
739,190,98,56
740,204,97,13
741,235,93,6
742,200,98,65
743,212,99,6
744,221,99,12
745,196,99,23
746,213,99,6
747,215,99,12
748,196,99,30
749,214,99,6
750,225,91,12
751,207,98,52
752,215,99,6
753,236,93,70
754,191,97,11
755,209,98,13
756,227,99,38
757,188,100,11
758,220,98,21
759,213,98,58
760,204,99,6
761,211,99,12
762,237,93,25
763,203,98,5
764,205,92,57
765,221,99,6
766,206,98,5
767,201,100,50
768,231,99,6
769,189,99,5
770,214,96,20
771,222,99,12
772,205,99,6
773,215,99,44
774,256,93,23
775,262,97,64
776,211,95,20
777,238,97,53
778,215,99,11
779,220,97,30
780,246,99,5
781,205,98,53
782,219,95,6
783,230,99,17
784,215,99,40
785,225,85,6
786,219,99,45
787,205,94,5
788,227,98,12
789,236,88,33
790,200,99,5
791,236,96,39
792,270,100,22
793,236,99,52
794,230,99,55
795,250,100,67
796,221,92,25
797,215,99,77
798,243,94,53
799,199,99,37
800,225,97,26
801,228,100,45
802,216,100,11
803,206,99,23
804,233,99,25
805,199,99,5
806,228,97,60
807,235,96,62
808,204,99,11
809,224,93,55
810,247,93,11
811,202,100,46
812,218,99,6
813,225,99,24
814,211,100,41
815,209,99,6
816,227,98,73
817,196,100,5
818,242,84,13
819,196,98,43
820,229,96,13
821,218,95,22
822,221,98,5
823,194,100,12
824,216,98,32
825,230,99,12
826,199,99,64
827,207,99,6
828,238,98,12
829,204,98,16
830,214,93,6
831,231,98,6
832,218,94,38
833,198,98,6
834,250,99,70
835,199,98,47
836,224,98,19
837,222,98,34
838,204,100,11
839,218,99,46
840,230,99,17
841,210,96,11
842,220,99,24
843,232,94,6
844,202,100,65
845,219,97,6
846,229,97,6
847,199,100,28
848,242,96,6
849,213,100,26
850,203,99,6
851,215,99,12
852,238,98,30
853,229,93,5
854,219,94,62
855,266,99,5
856,234,98,14
857,237,98,5
858,235,97,55
859,238,99,5
860,250,97,44
861,211,98,5
862,222,95,31
863,228,86,5
864,220,99,58
865,218,97,11
866,224,84,11
867,201,100,17
868,222,98,6
869,204,99,46
870,221,99,13
871,208,99,5
872,229,99,25
873,217,100,5
874,235,93,53
875,198,99,5
876,245,97,13
877,214,94,21
878,210,97,6
879,209,99,48
880,225,99,6
881,200,99,5
882,226,98,45
883,207,100,5
884,216,99,12
885,214,99,48
886,236,91,12
887,200,100,48
888,217,94,6
889,228,88,56
890,208,100,68
891,210,99,6
892,218,99,36
893,212,100,5
894,219,99,17
895,209,98,35
896,224,100,6
897,220,99,17
898,225,92,18
899,198,100,5
900,230,93,26
901,211,96,5
902,220,99,12
903,213,99,77
904,213,99,6
905,218,99,90
906,246,99,5
907,197,96,15
908,235,95,6
909,252,95,5
910,202,97,15
911,230,95,12
912,246,93,57
913,196,97,5
914,239,94,86
915,229,100,5
916,231,100,23
917,215,99,5
918,227,99,12
919,220,100,62
920,239,92,5
921,201,97,48
922,238,96,6
923,236,97,43
924,227,99,5
925,201,96,52
926,253,95,6
927,199,98,15
928,246,96,6
929,199,98,5
930,248,96,32
931,220,94,5
932,221,99,66
933,228,88,17
934,256,96,17
935,289,100,5
936,229,97,17
937,252,100,34
938,247,98,5
939,247,100,15
940,214,99,5
941,213,98,78
942,238,82,6
943,196,100,27
944,231,86,6
945,215,100,5
946,224,98,47
947,220,100,5
948,247,99,17
949,201,96,10
950,228,98,13
951,220,99,22
952,220,100,5
953,220,90,52
954,206,99,5
955,232,93,18
956,221,100,63
957,210,94,5
958,215,100,43
959,215,99,5
960,216,99,18
961,211,99,59
962,212,99,6
963,213,99,72
964,224,99,6
965,225,93,5
966,214,97,29
967,233,92,5
968,199,99,63
969,216,96,6
970,220,100,18
971,213,99,23
972,220,99,6
973,211,100,11
974,213,99,19
975,211,100,5
976,231,93,65
977,198,100,5
978,238,93,20
979,196,100,54
980,222,96,6
981,206,99,22
982,215,99,6
983,206,99,5
984,218,99,75
985,204,100,6
986,220,99,6
987,239,99,36
988,224,93,5
989,208,88,53
990,227,99,6
991,199,99,11
992,219,99,70
993,228,99,12
994,203,100,32
995,209,98,6
996,231,99,6
997,199,99,65
998,226,97,6
999,236,96,5
1000,197,100,69
1001,219,98,6
1002,239,95,72
1003,195,98,5
1004,220,98,19
1005,229,99,52
1006,214,100,5
1007,205,98,30
1008,235,99,12
1009,198,99,33
1010,236,93,6
1011,218,100,5
1012,218,99,37
1013,212,92,5
1014,231,99,12
1015,199,98,63
1016,226,98,6
1017,223,100,74
1018,210,99,5
1019,211,99,12
1020,233,99,74
1021,206,100,5
1022,236,93,44
1023,217,96,5
1024,212,100,72
1025,206,100,6
1026,237,90,6
1027,214,99,53
1028,223,99,6
1029,224,99,23
1030,211,100,5
1031,209,96,6
1032,234,100,42
1033,200,99,5
1034,234,94,19
1035,210,99,60
1036,205,90,6
1037,221,99,60
1038,231,98,5
1039,194,99,27
1040,221,98,13
1041,221,99,6
1042,197,99,64
1043,203,99,19
1044,241,99,31
1045,266,96,78
1046,211,97,14
1047,222,95,65
1048,242,90,17
1049,201,99,62
1050,239,95,13
1051,211,100,21
1052,221,99,6
1053,217,98,5
1054,215,100,47
1055,219,100,5
1056,247,85,57
1057,204,98,16
1058,214,95,12
1059,246,89,29
1060,245,94,5
1061,216,100,20
1062,247,99,6
1063,206,98,32
1064,224,96,6
1065,247,99,67
1066,219,99,5
1067,229,94,75
1068,235,100,5
1069,239,95,22
1070,216,100,5
1071,237,98,29
1072,215,100,5
1073,224,99,31
1074,241,99,58
1075,205,99,5
1076,227,98,38
1077,227,99,5
1078,227,94,39
1079,210,99,5
1080,247,97,12
1081,207,90,58
1082,222,98,12
1083,236,99,29
1084,204,99,5
1085,213,99,44
1086,234,99,6
1087,204,99,5
1088,226,99,75
1089,245,93,5
1090,202,98,36
1091,215,96,6
1092,233,92,12
1093,215,100,49
1094,225,99,5
1095,230,99,39
1096,205,100,5
1097,222,99,83
1098,232,100,5
1099,203,99,11
1100,237,97,51
1101,238,94,5
1102,210,95,38
1103,219,96,6
1104,238,98,69
1105,197,98,5
1106,225,99,13
1107,229,99,22
1108,216,99,5
1109,213,99,48
1110,235,99,6
1111,217,100,16
1112,235,90,5
1113,226,97,5
1114,227,92,72
1115,200,100,11
1116,245,98,18
1117,199,99,5
1118,226,96,71
1119,245,100,76
1120,216,100,20
1121,216,100,12
1122,246,99,5
1123,214,94,52
1124,220,98,6
1125,248,96,46
1126,212,96,5
1127,237,97,54
1128,228,100,5
1129,210,100,17
1130,222,99,5
1131,237,98,11
1132,207,100,26
1133,229,98,12
1134,245,93,56
1135,211,96,5
1136,227,94,74
1137,237,99,5
1138,223,99,38
1139,213,99,5
1140,237,99,6
1141,206,99,16
1142,246,97,18
1143,222,99,64
1144,229,100,5
1145,224,93,51
1146,254,98,5
1147,226,98,20
1148,238,94,5
1149,232,99,43
1150,206,99,5
1151,218,97,50
1152,243,99,5
1153,199,99,5
1154,228,97,73
1155,235,100,5
1156,229,93,49
1157,205,100,5
1158,246,96,76
1159,215,93,5
1160,217,100,12
1161,234,99,73
1162,210,98,5
1163,217,100,24
1164,254,99,11
1165,275,98,65
1166,225,99,14
1167,261,96,52
1168,245,90,45
1169,228,99,20
1170,282,95,46
1171,226,99,18
1172,268,96,82
1173,223,98,23
1174,235,95,23
1175,246,99,60
1176,232,100,10
1177,239,86,38
1178,247,99,16
1179,224,96,69
1180,249,97,11
1181,214,100,57
1182,222,99,5
1183,222,99,23
1184,241,100,5
1185,207,99,10
1186,234,97,6
1187,245,100,5
1188,207,94,20
1189,232,96,6
1190,246,87,67
1191,205,99,5
1192,233,96,70
1193,233,100,11
1194,224,100,66
1195,209,99,5
1196,249,99,43
1197,211,99,35
1198,230,99,12
1199,245,90,27
1200,201,97,5
1201,227,98,38
1202,231,99,5
1203,220,94,62
1204,224,96,11
1205,232,98,18
1206,227,99,16
1207,224,96,17
1208,216,99,77
1209,269,99,5
1210,288,94,34
1211,226,93,18
1212,258,97,5
1213,256,97,50
1214,231,100,9
1215,212,99,5
1216,238,97,25
1217,208,100,60
1218,234,98,12
1219,224,100,67
1220,230,89,5
1221,201,99,64
1222,234,92,12
1223,215,100,21
1224,228,99,6
1225,218,98,11
1226,232,98,43
1227,259,97,21
1228,282,100,45
1229,225,95,36
1230,233,97,17
1231,231,93,34
1232,221,100,11
1233,242,94,87
1234,215,99,10
1235,227,97,67
1236,221,99,33
1237,249,98,24
1238,214,100,15
1239,251,99,35
1240,222,99,31
1241,227,99,40
1242,236,96,28
1243,212,99,5
1244,246,93,56
1245,215,100,10
1246,236,99,42
1247,207,100,5
1248,242,97,18
1249,206,100,27
1250,235,99,18
1251,220,98,16
1252,232,100,6
1253,225,86,61
1254,218,99,5
1255,232,98,67
1256,234,87,5
1257,203,99,16
1258,226,98,6
1259,216,99,5
1260,240,98,65
1261,226,100,5
1262,238,100,23
1263,219,100,5
1264,245,89,67
1265,196,96,5
1266,231,95,79
1267,252,92,28
1268,198,99,10
1269,228,95,6
1270,242,100,5
1271,214,98,37
1272,231,99,5
1273,222,100,75
1274,231,98,5
1275,231,94,27
1276,212,97,5
1277,234,89,11
1278,208,99,56
1279,228,99,6
1280,224,99,45
1281,213,99,5
1282,229,99,57
1283,221,99,11
1284,224,98,6
1285,224,99,68
1286,234,90,5
1287,202,100,38
1288,260,99,6
1289,294,93,50
1290,224,97,8
1291,256,97,5
1292,257,98,30
1293,234,99,5
1294,203,97,43
1295,208,97,6
1296,224,99,43
1297,226,90,5
1298,226,92,5
1299,203,98,45
1300,231,98,6
1301,204,100,63
1302,213,99,6
1303,206,99,6
1304,220,100,38
1305,227,98,5
1306,219,99,29
1307,203,100,5
1308,229,86,6
1309,208,100,51
1310,230,93,25
1311,212,100,16
1312,238,97,12
1313,211,100,5
1314,221,100,31
1315,199,99,5
1316,227,98,19
1317,202,99,69
1318,225,99,12
1319,210,93,69
1320,215,98,6
1321,206,100,5
1322,223,87,19
1323,193,99,5
1324,219,97,13
1325,210,99,17
1326,220,99,6
1327,201,99,18
1328,226,99,18
1329,199,100,5
1330,233,97,84
1331,205,84,5
1332,209,100,12
1333,210,96,42
1334,223,88,18
1335,194,99,11
1336,218,97,94
1337,199,100,6
1338,218,98,13
1339,204,100,40
1340,212,99,12
1341,234,99,12
1342,198,100,71
1343,207,99,6
1344,225,91,72
1345,222,95,11
1346,204,99,11
1347,223,98,37
1348,218,99,11
1349,198,99,23
1350,226,99,6
1351,199,99,11
1352,211,99,72
1353,219,99,17
1354,221,99,12
1355,186,92,40
1356,218,97,7
1357,226,93,6
1358,212,100,40
1359,220,99,6
1360,198,100,17
1361,205,99,6
1362,223,98,6
1363,208,100,29
1364,211,99,12
1365,215,100,6
1366,213,99,49
1367,227,92,6
1368,233,99,16
1369,212,93,72
1370,207,99,6
1371,216,99,62
1372,198,100,6
1373,207,99,6
1374,229,99,77
1375,199,100,11
1376,214,99,25
1377,222,99,18
1378,223,93,5
1379,242,100,76
1380,249,93,26
1381,210,98,46
1382,240,92,18
1383,215,94,80
1384,221,100,12
1385,219,99,70
1386,235,99,60
1387,215,99,27
1388,265,100,36
1389,205,93,9
1390,227,95,74
1391,220,100,11
1392,234,86,69
1393,194,100,5
1394,214,97,26
1395,217,99,49
1396,214,100,5
1397,213,99,18
1398,226,100,41
1399,203,99,5
1400,244,83,45
1401,192,98,5
1402,220,96,19
1403,217,87,54
1404,225,99,5
1405,211,98,46
1406,213,99,12
1407,218,99,12
1408,208,99,17
1409,225,99,25
1410,221,99,16
1411,205,99,5
1412,212,88,6
1413,206,99,66
1414,223,95,12
1415,190,100,5
1416,221,98,20
1417,203,100,6
1418,214,99,18
1419,223,99,42
1420,196,100,5
1421,204,99,20
1422,227,99,19
1423,199,99,5
1424,236,84,12
1425,219,100,61
1426,210,93,17
1427,194,99,43
1428,236,97,13
1429,204,99,13
1430,226,98,26
1431,223,100,5
1432,199,99,69
1433,210,99,6
1434,222,99,6
1435,205,99,69
1436,226,92,6
1437,224,98,5
1438,200,87,65
1439,208,100,6
1440,226,99,30
1441,195,99,11
1442,211,99,6
1443,221,99,73
1444,202,100,6
1445,216,99,6
1446,229,99,36
1447,205,93,5
1448,212,98,12
1449,229,92,71
1450,196,100,5
1451,206,95,84
1452,230,99,6
1453,192,99,5
1454,214,99,42
1455,229,98,6
1456,195,100,11
1457,210,100,67
1458,231,99,11
1459,214,93,11
1460,211,98,36
1461,220,100,6
1462,217,88,52
1463,192,99,5
1464,221,97,6
1465,213,100,63
1466,224,99,6
1467,230,100,24
1468,194,99,44
1469,218,100,6
1470,234,100,42
1471,229,94,5
1472,223,100,17
1473,232,96,5
1474,216,100,16
1475,209,94,46
1476,222,99,6
1477,198,99,34
1478,217,99,6
1479,227,99,6
1480,203,99,27
1481,216,99,13
1482,236,91,11
1483,205,100,60
1484,211,91,18
1485,228,99,44
1486,204,94,5
1487,221,99,12
1488,232,99,23
1489,192,99,5
1490,232,96,78
1491,209,100,5
1492,226,100,18
1493,222,92,23
1494,222,99,5
1495,215,96,46
1496,212,95,6
1497,216,98,12
1498,208,100,36
1499,203,99,6
1500,234,99,12
1501,197,99,34
1502,218,99,12
1503,231,99,72
1504,199,100,5
1505,226,92,38
1506,232,99,40
1507,236,95,22
1508,244,91,59
1509,281,100,38
1510,238,99,46
1511,172,73,74
1512,238,93,15
1513,304,100,26
1514,242,99,42
1515,237,100,65
1516,251,94,27
1517,237,99,51
1518,229,96,22
1519,230,96,60
1520,232,99,17
1521,235,100,75
1522,227,98,5
1523,215,99,64
1524,208,99,5
1525,243,98,62
1526,213,100,5
1527,219,94,18
1528,249,85,11
1529,201,98,15
1530,216,96,19
1531,235,99,6
1532,201,100,49
1533,221,98,6
1534,231,99,5
1535,201,99,44
1536,231,98,6
1537,227,100,67
1538,224,91,5
1539,207,98,17
1540,242,93,6
1541,193,97,5
1542,230,96,40
1543,224,100,5
1544,209,99,16
1545,213,99,6
1546,226,99,6
1547,198,99,63
1548,232,98,13
1549,240,94,27
1550,196,97,32
1551,208,97,13
1552,233,87,74
1553,207,95,5
1554,238,100,12
1555,267,99,87
1556,223,99,44
1557,243,99,22
1558,247,99,68
1559,226,98,20
1560,244,95,80
1561,277,99,27
1562,227,92,41
1563,260,94,56
1564,250,99,15
1565,216,97,15
1566,244,95,12
1567,206,99,47
1568,254,90,6
1569,287,100,41
1570,255,98,13
1571,272,98,5
1572,259,95,57
1573,224,96,10
1574,203,95,5
1575,213,97,6
1576,237,99,36
1577,218,99,5
1578,226,98,69
1579,211,100,5
1580,243,92,18
1581,195,100,32
1582,240,98,6
1583,208,99,52
1584,237,91,12
1585,202,100,16
1586,228,99,6
1587,209,99,5
1588,227,99,31
1589,212,99,5
1590,223,99,24
1591,212,99,5
1592,245,88,12
1593,238,100,43
1594,212,93,5
1595,211,98,24
1596,230,99,12
1597,216,99,33
1598,213,99,5
1599,214,99,6
1600,230,98,42
1601,216,100,5
1602,232,98,36
1603,227,94,5
1604,219,99,34
1605,226,94,17
1606,221,100,11
1607,215,98,47
1608,224,99,12
1609,215,100,69
1610,226,99,5
1611,210,99,5
1612,230,98,57
1613,215,100,5
1614,228,98,67
1615,222,93,5
1616,229,99,17
1617,221,93,11
1618,217,98,11
1619,210,100,35
1620,228,98,6
1621,252,100,47
1622,203,98,10
1623,212,98,78
1624,232,98,5
1625,221,100,5
1626,236,91,28
1627,221,100,5
1628,206,99,41
1629,231,86,6
1630,230,100,22
1631,202,99,11
1632,222,98,6
1633,230,99,41
1634,212,100,11
1635,209,99,53
1636,229,98,6
1637,235,93,5
1638,211,100,22
1639,238,95,18
1640,239,93,44
1641,194,96,5
1642,227,97,59
1643,219,100,5
1644,213,99,5
1645,229,99,31
1646,203,99,5
1647,230,97,77
1648,242,92,5
1649,217,100,21
1650,261,96,5
1651,212,93,25
1652,220,97,5
1653,216,98,11
1654,237,98,46
1655,192,98,5
1656,225,96,94
1657,228,99,5
1658,214,99,11
1659,212,99,72
1660,243,85,6
1661,209,100,21
1662,243,91,6
1663,227,98,15
1664,212,99,5
1665,204,99,12
1666,230,99,87
1667,213,99,11
1668,224,100,74
1669,236,99,11
1670,207,100,27
1671,233,96,6
1672,227,97,5
1673,204,95,23
1674,226,99,12
1675,218,99,67
1676,209,100,6
1677,209,99,18
1678,239,98,44
1679,196,98,5
1680,215,100,72
1681,226,98,81
1682,219,93,5
1683,190,99,59
1684,226,97,13
1685,216,95,5
1686,216,99,24
1687,222,98,6
1688,198,100,22
1689,201,98,6
1690,218,100,6
1691,205,100,30
1692,219,99,6
1693,225,99,5
1694,224,93,51
1695,190,98,5
1696,225,93,21
1697,232,96,22
1698,209,100,5
1699,228,99,67
1700,208,100,5
1701,212,98,18
1702,228,100,31
1703,205,99,5
1704,235,98,75
1705,239,95,5
1706,202,100,16
1707,225,90,6
1708,219,98,6
1709,203,99,39
1710,222,100,6
1711,230,99,5
1712,205,99,78
1713,219,99,6
1714,230,99,42
1715,212,99,5
1716,228,98,12
1717,220,96,61
1718,213,100,5
1719,227,93,18
1720,251,99,5
1721,209,99,41
1722,226,97,18
1723,217,98,17
1724,207,100,5
1725,219,99,19
1726,235,99,65
1727,215,100,5
1728,235,90,42
1729,193,99,5
1730,219,95,13
1731,236,90,69
1732,228,100,5
1733,191,99,63
1734,222,97,20
1735,234,100,5
1736,206,100,22
1737,215,99,6
1738,233,99,72
1739,201,99,5
1740,221,95,26
1741,226,97,17
1742,225,93,11
1743,200,100,46
1744,227,97,6
1745,206,99,5
1746,226,99,49
1747,223,98,5
1748,203,100,23
1749,217,99,6
1750,245,99,5
1751,217,94,38
1752,220,93,5
1753,232,97,42
1754,214,100,11
1755,202,99,24
1756,230,97,6
1757,222,100,11
1758,214,99,63
1759,228,98,6
1760,212,99,28
1761,212,100,6
1762,235,92,6
1763,216,100,64
1764,246,91,12
1765,231,100,69
1766,206,100,5
1767,248,98,63
1768,288,99,21
1769,224,97,70
1770,271,97,35
1771,245,98,57
1772,228,92,48
1773,258,99,28
1774,259,99,58
1775,224,86,30
1776,233,97,5
1777,219,99,16
1778,245,98,28
1779,234,100,10
1780,229,99,71
1781,211,99,5
1782,246,98,32
1783,218,100,5
1784,223,91,39
1785,247,98,11
1786,219,100,15
1787,222,95,6
1788,237,99,17
1789,222,100,11
1790,225,100,17
1791,243,99,17
1792,229,99,21
1793,226,98,11
1794,247,99,5
1795,220,93,47
1796,251,92,11
1797,243,100,54
1798,250,100,26
1799,214,97,5
1800,262,97,18
1801,218,99,4
1802,239,98,48
1803,247,99,11
1804,218,100,52
1805,242,93,5
1806,266,97,27
1807,261,90,4
1808,276,99,50
1809,232,97,13
1810,272,98,5
1811,218,96,18
1812,242,98,23
1813,242,98,21
1814,251,100,16
1815,219,95,5
1816,248,98,53
1817,249,95,5
1818,235,100,59
1819,248,99,16
1820,249,100,41
1821,249,99,21
1822,237,97,45
1823,221,100,27
1824,256,98,5
1825,264,95,15
1826,241,97,5
1827,230,92,16
1828,250,99,11
1829,222,99,25
1830,248,98,11
1831,234,99,31
1832,247,99,16
1833,239,99,15
1834,242,100,16
1835,242,100,5
1836,269,92,61
1837,261,91,4
1838,280,98,62
1839,223,98,23
1840,260,96,11
1841,301,99,61
1842,285,100,47
1843,240,96,9
1844,304,98,5
1845,269,96,77
1846,262,97,43
1847,229,95,9
1848,246,95,11
1849,217,100,15
1850,249,99,5
1851,229,99,56
1852,242,99,5
1853,222,100,20
1854,264,97,5
1855,253,97,15
1856,238,99,5
1857,263,94,48
1858,231,99,9
1859,234,97,5
1860,265,99,10
1861,237,98,4
1862,269,98,22
1863,232,98,9
1864,249,98,5
1865,269,92,25
1866,228,98,4
1867,256,93,22
1868,246,98,31
1869,245,100,10
1870,248,98,16
1871,232,100,5
1872,248,99,45
1873,234,99,5
1874,270,98,38
1875,232,95,9
1876,258,95,5
1877,251,93,45
1878,231,100,10
1879,245,99,27
1880,251,99,5
1881,244,99,16
1882,270,98,10
1883,243,100,4
1884,255,98,57
1885,255,94,5
1886,253,99,65
1887,262,96,40
1888,248,99,9
1889,262,99,41
1890,280,97,20
1891,239,99,9
1892,278,98,66
1893,274,100,33
1894,249,99,14
1895,281,94,15
1896,245,98,23
1897,277,94,15
1898,258,100,24
1899,269,99,53
1900,251,99,19
1901,275,99,10
1902,256,100,57
1903,285,98,44
1904,263,95,22
1905,274,100,14
1906,288,93,70
1907,245,99,27
1908,286,97,15
1909,261,100,27
1910,252,99,69
1911,274,99,10
1912,291,97,23
1913,279,99,53
1914,247,87,23
1915,269,92,10
1916,288,97,28
1917,265,100,53
1918,261,99,24
1919,274,99,10
1920,260,100,66
1921,285,98,19
1922,257,99,18
1923,282,96,10
1924,262,99,45
1925,276,94,25
1926,251,99,18
1927,288,99,10
1928,248,98,59
1929,281,99,37
1930,259,99,9
1931,286,98,49
1932,256,95,41
1933,268,99,20
1934,279,95,9
1935,248,98,51
1936,265,97,26
1937,269,99,9
1938,262,100,24
1939,278,99,29
1940,255,99,13
1941,276,99,10
1942,279,95,51
1943,257,96,13
1944,264,92,20
1945,266,99,29
1946,263,99,29
1947,283,100,9
1948,247,98,56
1949,283,99,46
1950,265,100,18
1951,282,90,9
1952,269,99,46
1953,272,94,33
1954,262,99,24
1955,261,99,9
1956,251,100,24
1957,274,99,30
1958,257,99,9
1959,273,98,45
1960,271,97,33
1961,262,98,19
1962,271,94,20
1963,259,99,56
1964,267,99,20
1965,266,99,9
1966,286,98,58
1967,298,100,23
1968,275,100,21
1969,282,94,33
1970,249,97,9
1971,244,97,15
1972,256,99,31
1973,242,99,10
1974,260,99,20
1975,250,99,9
1976,253,100,20
1977,266,99,10
1978,251,100,9
1979,280,94,30
1980,238,100,13
1981,269,93,5
1982,238,96,48
1983,263,99,5
1984,247,99,49
1985,262,99,15
1986,236,99,15
1987,266,100,18
1988,258,99,9
1989,260,93,5
1990,269,95,39
1991,228,94,9
1992,256,97,5
1993,254,98,20
1994,253,100,5
1995,259,98,31
1996,237,99,29
1997,265,100,10
1998,256,94,55
1999,249,100,15
2000,282,93,15
2001,232,96,37
2002,288,98,16
2003,298,99,58
2004,249,97,34
2005,281,98,42
2006,301,99,50
2007,290,100,38
2008,285,96,18
2009,268,97,68
2010,285,93,53
2011,253,100,50
2012,294,98,15
2013,256,99,69
2014,259,96,66
2015,232,99,14
2016,267,98,5
2017,246,88,14
2018,248,99,5
2019,275,95,32
2020,227,100,13
2021,254,96,5
2022,249,100,41
2023,247,99,5
2024,262,99,37
2025,231,99,19
2026,272,99,11
2027,242,91,14
2028,245,99,5
2029,262,95,52
2030,248,100,34
2031,266,98,5
2032,254,100,43
2033,251,99,10
2034,236,99,5
2035,243,99,66
2036,267,99,5
2037,239,95,50
2038,253,98,10
2039,268,90,10
2040,236,100,29
2041,262,97,10
2042,230,99,15
2043,247,99,22
2044,265,99,5
2045,237,99,14
2046,258,98,5
2047,268,95,20
2048,242,100,9
2049,281,96,5
2050,241,98,54
2051,275,97,48
2052,247,100,9
2053,255,98,15
2054,237,100,10
2055,250,99,5
2056,272,99,20
2057,247,95,4
2058,274,99,42
2059,246,95,14
2060,260,100,5
2061,231,99,29
2062,275,99,11
2063,237,99,4
2064,268,96,44
2065,254,100,9
2066,256,99,5
2067,279,90,15
2068,249,94,9
2069,252,95,10
2070,245,100,35
2071,260,89,5
2072,278,95,20
2073,233,97,18
2074,264,97,5
2075,266,100,39
2076,265,94,14
2077,258,99,4
2078,257,90,34
2079,246,99,45
2080,257,100,5
2081,243,99,36
2082,280,98,25
2083,301,100,23
2084,340,99,43
2085,377,98,38
2086,294,97,64
2087,343,93,70
2088,322,99,30
2089,291,97,37
2090,300,99,35
2091,305,99,38
2092,278,96,46
2093,271,95,32
2094,270,100,37
2095,268,87,63
2096,246,95,29
2097,252,99,5
2098,262,99,37
2099,263,100,9
2100,245,99,4
2101,258,100,47
2102,267,98,5
2103,259,89,38
2104,242,100,60
2105,256,99,5
2106,264,95,39
2107,243,99,14
2108,265,99,21
2109,262,89,29
2110,249,100,20
2111,249,99,5
2112,260,88,51
2113,233,99,9
2114,279,85,11
2115,228,98,19
2116,248,97,5
2117,256,94,56
2118,247,99,20
2119,240,99,10
2120,251,99,26
2121,248,99,5
2122,253,99,62
2123,249,93,5
2124,243,98,46
2125,247,95,16
2126,236,99,5
2127,250,98,61
2128,244,99,5
2129,253,96,43
2130,269,100,10
2131,227,99,14
2132,262,92,57
2133,233,99,4
2134,257,98,16
2135,238,99,25
2136,258,86,10
2137,252,100,15
2138,233,96,5
2139,254,99,55
2140,236,99,10
2141,244,99,32
2142,267,99,5
2143,239,94,19
2144,257,99,44
2145,244,94,4
2146,258,99,33
2147,250,96,9
2148,253,98,5
2149,230,99,35
2150,254,88,11
2151,247,100,41
2152,249,99,31
2153,260,93,10
2154,247,99,14
2155,267,98,5
2156,240,94,14
2157,241,98,32
2158,241,99,5
2159,234,99,21
2160,263,99,5
2161,225,100,45
2162,254,100,5
2163,260,93,30
2164,235,100,14
2165,263,95,5
2166,228,98,34
2167,250,97,5
2168,249,100,63
2169,231,99,10
2170,259,99,16
2171,227,99,14
2172,246,99,5
2173,265,94,16
2174,236,97,4
2175,246,94,22
2176,245,98,10
2177,230,99,63
2178,258,99,28
2179,220,99,5
2180,251,98,17
2181,249,99,5
2182,237,100,61
2183,266,83,5
2184,221,97,48
2185,260,92,5
2186,230,100,44
2187,233,98,50
2188,247,99,5
2189,229,100,15
2190,237,100,5
2191,254,99,32
2192,238,100,5
2193,240,93,60
2194,260,100,5
2195,220,96,15
2196,246,92,5
2197,252,100,20
2198,243,99,10
2199,229,99,5
2200,258,99,16
2201,227,99,5
2202,247,98,82
2203,275,98,15
2204,244,94,47
2205,232,95,16
2206,231,93,5
2207,240,99,16
2208,250,99,11
2209,231,100,15
2210,242,99,5
2211,256,99,71
2212,222,99,5
2213,237,98,39
2214,256,91,5
2215,240,98,25
2216,253,93,15
2217,221,98,10
2218,253,96,62
2219,215,100,5
2220,249,97,73
2221,244,99,5
2222,246,99,63
2223,248,99,5
2224,230,99,16
2225,255,93,5
2226,261,96,26
2227,224,94,34
2228,254,98,5
2229,220,99,46
2230,241,98,5
2231,248,99,37
2232,223,99,5
2233,237,98,46
2234,253,100,10
2235,236,93,46
2236,232,99,5
2237,259,95,27
2238,215,98,15
2239,229,98,6
2240,255,100,5
2241,214,98,20
2242,241,96,12
2243,257,100,27
2244,235,99,20
2245,235,99,5
2246,257,87,16
2247,213,97,5
2248,241,96,55
2249,260,93,5
2250,218,99,29
2251,234,98,6
2252,242,99,43
2253,219,100,10
2254,255,98,77
2255,222,99,5
2256,244,95,17
2257,235,99,5
2258,263,94,49
2259,213,97,24
2260,254,96,30
2261,227,100,15
2262,248,99,28
2263,237,99,26
2264,232,99,21
2265,227,99,50
2266,247,99,5
2267,255,92,15
2268,222,99,5
2269,244,98,72
2270,242,94,5
2271,214,99,42
2272,239,98,12
2273,224,98,15
2274,233,99,5
2275,237,100,22
2276,224,99,5
2277,243,87,23
2278,245,99,5
2279,233,96,15
2280,225,98,11
2281,244,98,33
2282,220,100,10
2283,231,98,58
2284,251,99,5
2285,214,99,16
2286,246,99,11
2287,255,99,15
2288,230,94,5
2289,234,99,68
2290,274,88,5
2291,246,98,33
2292,249,99,10
2293,214,98,5
2294,240,99,18
2295,244,100,5
2296,224,100,16
2297,235,99,5
2298,264,88,27
2299,215,96,5
2300,280,98,70
2301,287,91,18
2302,250,98,58
2303,231,95,35
2304,256,96,50
2305,256,96,72
2306,264,99,45
2307,234,99,4
2308,266,94,38
2309,233,99,14
2310,264,94,5
2311,244,100,58
2312,238,100,5
2313,257,100,16
2314,243,99,20
2315,266,98,5
2316,258,99,19
2317,245,100,5
2318,270,95,52
2319,235,98,14
2320,275,98,5
2321,235,97,37
2322,272,99,22
2323,231,100,9
2324,258,98,51
2325,270,100,5
2326,253,99,23
2327,260,98,15
2328,269,95,9
2329,258,96,41
2330,256,98,25
2331,243,99,10
2332,284,100,58
2333,236,98,9
2334,293,96,5
2335,239,99,22
2336,272,97,63
2337,259,93,4
2338,263,99,43
2339,256,90,14
2340,249,100,5
2341,331,97,56
2342,268,100,11
2343,283,98,57
2344,251,99,14
2345,321,98,10
2346,266,97,48
2347,239,95,34
2348,270,91,16
2349,242,99,4
2350,254,100,21
2351,241,99,10
2352,250,99,5
2353,246,100,15
2354,254,99,5
2355,248,99,62
2356,269,87,5
2357,223,99,19
2358,263,96,58
2359,251,96,4
2360,244,99,37
2361,238,99,31
2362,255,99,5
2363,243,99,15
2364,246,100,5
2365,240,99,42
2366,268,89,5
2367,230,100,14
2368,253,89,16
2369,247,100,5
2370,251,99,43
2371,240,99,5
2372,254,99,16
2373,232,98,10
2374,265,99,5
2375,229,100,9
2376,267,88,5
2377,236,100,52
2378,260,89,5
2379,229,100,30
2380,277,99,28
2381,256,98,4
2382,246,99,51
2383,243,99,10
2384,243,99,5
2385,235,99,21
2386,251,98,5
2387,254,94,39
2388,262,94,10
2389,226,98,25
2390,245,98,28
2391,232,99,5
2392,247,100,16
2393,230,99,5
2394,262,99,61
2395,242,99,9
2396,268,99,16
2397,239,97,9
2398,251,98,5
2399,243,96,26
2400,246,98,5
2401,245,99,41
2402,236,100,5
2403,241,99,68
2404,262,100,20
2405,226,99,10
2406,264,97,63
2407,257,96,4
2408,228,99,40
2409,268,92,5
2410,221,99,59
2411,247,95,29
2412,266,99,5
2413,226,99,58
2414,257,98,11
2415,244,100,35
2416,253,99,10
2417,263,94,5
2418,236,99,51
2419,261,92,5
2420,242,95,15
2421,244,99,26
2422,247,99,10
2423,228,99,20
2424,268,99,5
2425,229,99,66
2426,267,96,11
2427,262,90,19
2428,238,99,30
2429,257,96,5
2430,261,96,29
2431,227,97,10
2432,258,93,5
2433,229,99,14
2434,268,98,5
2435,227,99,55
2436,265,97,5
2437,262,96,14
2438,238,96,20
2439,268,93,5
2440,232,99,57
2441,258,98,5
2442,246,99,35
2443,238,100,15
2444,266,100,5
2445,230,99,35
2446,258,96,5
2447,265,97,38
2448,239,99,24
2449,270,89,10
2450,229,98,19
2451,276,96,17
2452,237,100,13
2453,255,99,45
2454,237,99,5
2455,257,98,42
2456,262,100,10
2457,248,93,4
2458,264,98,63
2459,241,94,9
2460,268,99,5
2461,227,99,28
2462,265,96,5
2463,256,100,54
2464,234,100,9
2465,269,98,11
2466,235,100,19
2467,274,93,5
2468,255,97,14
2469,258,98,15
2470,238,99,5
2471,259,98,27
2472,236,100,10
2473,241,99,5
2474,262,99,15
2475,236,99,4
2476,265,93,45
2477,298,100,28
2478,320,97,22
2479,284,95,69
2480,256,98,49
2481,285,97,41
2482,252,100,45
2483,275,96,20
2484,252,100,66
2485,275,96,62
2486,236,98,9
2487,260,96,10
2488,265,92,58
2489,258,99,4
2490,254,99,66
2491,268,99,35
2492,239,99,4
2493,263,99,59
2494,250,99,15
2495,259,87,10
2496,272,99,53
2497,242,92,9
2498,264,99,5
2499,236,100,59
2500,254,99,5
2501,253,99,25
2502,248,99,10
2503,259,99,5
2504,249,99,50
2505,237,99,10
2506,266,87,16
2507,249,100,60
2508,277,98,5
2509,251,97,27
2510,219,87,16
2511,257,98,5
2512,274,99,36
2513,225,99,9
2514,258,97,5
2515,264,93,10
2516,243,100,4
2517,262,98,42
2518,248,95,9
2519,249,98,10
2520,256,100,68
2521,232,99,4
2522,255,98,27
2523,240,99,26
2524,265,98,16
2525,263,95,14
2526,259,97,4
2527,213,86,55
2528,261,97,18
2529,258,99,64
2530,264,100,34
2531,229,97,4
2532,257,98,52
2533,249,100,19
2534,257,99,5
2535,257,92,34
2536,230,98,5
2537,277,95,17
2538,233,98,14
2539,235,97,5
2540,255,99,50
2541,249,99,5
2542,245,98,20
2543,252,100,10
2544,256,98,10
2545,240,94,56
2546,265,98,5
2547,235,92,19
2548,267,98,16
2549,224,98,9
2550,244,98,48
2551,255,99,5
2552,241,99,60
2553,259,100,10
2554,239,99,60
2555,244,93,16
2556,255,100,5
2557,245,95,58
2558,236,99,10
2559,246,99,27
2560,236,99,15
2561,240,99,16
2562,263,99,16
2563,222,99,4
2564,262,97,58
2565,263,95,4
2566,217,97,20
2567,262,98,11
2568,247,93,63
2569,228,100,31
2570,251,99,5
2571,239,99,51
2572,241,99,5
2573,256,99,54
2574,243,99,20
2575,261,93,10
2576,222,100,9
2577,290,95,23
2578,302,94,54
2579,240,98,50
2580,298,98,50
2581,259,100,47
2582,300,99,75
2583,256,98,44
2584,278,95,69
2585,274,87,14
2586,274,99,65
2587,280,87,43
2588,274,99,79
2589,264,97,19
2590,276,95,71
2591,305,99,43
2592,359,97,50
2593,343,98,35
2594,277,97,38
2595,288,97,50
2596,292,95,64
2597,228,99,17
2598,272,96,11
2599,240,100,18
2600,269,99,22
2601,248,100,9
2602,277,97,20
2603,255,91,14
2604,262,99,10
2605,258,96,19
2606,241,99,14
2607,249,99,5
2608,285,90,68
2609,239,99,13
2610,269,95,11
2611,247,100,47
2612,265,87,21
2613,232,99,4
2614,263,93,61
2615,255,100,4
2616,260,98,26
2617,238,100,15
2618,269,98,5
2619,230,98,44
2620,276,97,5
2621,239,99,32
2622,260,95,33
2623,242,98,4
2624,269,95,43
2625,265,100,24
2626,258,99,9
2627,235,99,20
2628,260,97,16
2629,234,99,10
2630,258,98,70
2631,241,99,5
2632,262,91,42
2633,233,99,14
2634,265,91,14
2635,242,99,7
2636,273,98,5
2637,229,99,24
2638,258,95,22
2639,241,99,5
2640,255,99,64
2641,248,99,5
2642,266,88,26
2643,257,99,19
2644,255,96,4
2645,249,99,36
2646,247,99,10
2647,262,99,5
2648,241,100,39
2649,262,99,5
2650,248,99,14
2651,260,99,16
2652,273,93,4
2653,248,100,52
2654,248,96,42
2655,264,98,5
2656,278,90,44
2657,229,98,9
2658,264,96,5
2659,273,96,54
2660,247,99,14
2661,274,87,5
2662,228,100,51
2663,268,93,5
2664,273,96,59
2665,226,100,42
2666,287,97,5
2667,228,99,22
2668,276,97,35
2669,230,100,4
2670,265,97,32
2671,261,94,9
2672,265,100,4
2673,256,95,55
2674,261,99,9
2675,229,99,5
2676,281,97,27
2677,230,99,9
2678,276,98,5
2679,260,100,23
2680,267,99,4
2681,239,94,59
2682,266,97,21
2683,250,90,4
2684,264,99,25
2685,243,98,28
2686,265,100,5
2687,252,99,58
2688,273,99,15
2689,241,99,13
2690,291,97,21
2691,250,95,18
2692,263,97,5
2693,258,100,34
2694,275,99,29
2695,241,90,14
2696,256,99,42
2697,251,99,26
2698,270,97,15
2699,257,100,47
2700,257,99,20
2701,290,94,9
2702,250,95,36
2703,272,99,45
2704,244,99,14
2705,266,99,82
2706,248,100,28
2707,265,99,10
2708,249,99,58
2709,276,98,25
2710,258,94,14
2711,249,97,35
2712,275,90,30
2713,276,99,18
2714,258,99,68
2715,269,99,68
2716,258,100,29
2717,265,98,20
2718,255,100,53
2719,271,94,10
2720,239,99,4
2721,286,94,48
2722,226,99,9
2723,261,97,11
2724,267,99,25
2725,245,99,9
2726,285,98,43
2727,241,100,22
2728,285,99,10
2729,281,94,63
2730,263,97,55
2731,272,92,24
2732,262,100,9
2733,247,99,74
2734,289,99,68
2735,239,98,22
2736,274,97,11
2737,261,99,61
2738,289,94,34
2739,240,94,13
2740,280,97,50
2741,240,98,28
2742,268,98,10
2743,235,100,52
2744,283,98,44
2745,258,98,13
2746,275,100,45
2747,247,93,28
2748,284,98,15
2749,244,95,22
2750,281,98,59
2751,228,98,22
2752,261,96,22
2753,275,99,35
2754,239,100,9
2755,268,98,49
2756,284,100,33
2757,278,94,18
2758,245,100,65
2759,308,91,79
2760,247,98,20
2761,273,98,15
2762,250,99,28
2763,269,99,25
2764,260,99,14
2765,289,99,23
2766,250,100,49
2767,292,93,25
2768,261,97,4
2769,302,94,48
2770,268,100,47
2771,271,96,29
2772,284,98,38
2773,271,100,13
2774,263,98,23
2775,276,100,60
2776,322,95,22
2777,311,95,33
2778,267,97,32
2779,283,97,14
2780,297,99,41
2781,293,99,58
2782,295,99,66
2783,284,99,48
2784,262,96,22
2785,301,99,10
2786,260,95,16
2787,274,97,55
2788,266,100,36
2789,284,99,10
2790,268,100,45
2791,253,99,33
2792,271,98,15
2793,277,87,9
2794,263,100,38
2795,277,98,48
2796,257,99,9
2797,287,86,34
2798,254,100,54
2799,285,100,20
2800,235,99,4
2801,270,95,67
2802,269,93,9
2803,249,100,4
2804,282,95,36
2805,255,100,46
2806,269,99,9
2807,256,99,64
2808,243,100,64
2809,260,99,5
2810,248,100,24
2811,256,99,15
2812,286,86,9
2813,228,98,40
2814,260,94,23
2815,254,98,4
2816,263,99,52
2817,277,92,9
2818,258,99,9
2819,260,90,20
2820,252,100,14
2821,271,98,10
2822,271,93,62
2823,249,99,28
2824,269,95,5
2825,224,99,47
2826,263,96,23
2827,237,100,29
2828,263,98,64
2829,251,100,5
2830,275,98,25
2831,277,94,19
2832,254,100,18
2833,314,91,21
2834,342,100,53
2835,270,98,49
2836,317,98,48
2837,320,98,44
2838,295,99,55
2839,265,96,61
2840,296,97,39
2841,289,99,36
2842,298,98,17
2843,267,97,30
2844,262,94,63
2845,275,100,55
2846,279,99,32
2847,254,97,4
2848,284,99,36
2849,258,99,31
2850,296,95,9
2851,284,94,35
2852,258,98,26
2853,281,93,30
2854,269,99,22
2855,252,100,9
2856,279,93,47
2857,299,99,18
2858,287,95,25
2859,251,98,22
2860,282,85,5
2861,233,100,59
2862,282,96,22
2863,300,100,55
2864,239,98,43
2865,256,95,48
2866,274,99,10
2867,265,94,33
2868,258,100,49
2869,255,95,5
2870,253,100,69
2871,276,98,77
2872,266,100,14
2873,263,99,76
2874,244,99,35
2875,249,98,5
2876,273,99,63
2877,247,96,24
2878,268,98,5
2879,263,94,24
2880,252,99,33
2881,245,98,10
2882,269,99,27
2883,243,100,14
2884,265,98,10
2885,281,100,59
2886,254,100,32
2887,276,93,10
2888,235,99,27
2889,281,92,72
2890,253,98,9
2891,298,94,50
2892,250,100,44
2893,267,96,31
2894,260,100,9
2895,270,99,19
2896,252,95,19
2897,284,99,10
2898,258,96,36
2899,251,99,55
2900,255,99,5
2901,251,99,19
2902,248,99,15
2903,245,99,5
2904,243,99,21
2905,239,100,5
2906,262,93,16
2907,257,93,9
2908,247,100,9
2909,252,100,59
2910,250,100,5
2911,233,100,30
2912,268,99,33
2913,229,100,14
2914,264,98,81
2915,261,99,9
2916,253,95,35
2917,238,99,36
2918,271,91,5
2919,220,99,38
2920,252,96,11
2921,233,99,15
2922,262,99,22
2923,261,97,29
2924,250,99,64
2925,268,99,15
2926,276,92,58
2927,260,100,56
2928,248,90,15
2929,240,99,5
2930,248,89,68
2931,228,99,5
2932,277,98,44
2933,233,98,28
2934,274,97,16
2935,239,95,23
2936,256,99,5
2937,220,98,15
2938,236,91,5
2939,258,93,33
2940,246,99,5
2941,220,100,10
2942,246,97,35
2943,236,100,5
2944,243,98,33
2945,240,100,5
2946,263,92,58
2947,246,100,4
2948,269,94,31
2949,263,99,38
2950,281,100,9
2951,237,98,23
2952,291,99,76
2953,279,98,26
2954,254,98,9
2955,282,99,40
2956,309,95,54
2957,288,95,47
2958,295,99,44
2959,271,98,35
2960,277,96,32
2961,288,99,51
2962,307,100,60
2963,271,98,54
2964,303,95,57
2965,294,96,21
2966,296,88,21
2967,268,99,53
2968,305,97,62
2969,255,98,42
2970,293,94,78
2971,260,99,21
2972,300,99,51
2973,288,92,54
2974,293,99,76
2975,254,88,45
2976,239,95,5
2977,257,99,32
2978,261,99,35
2979,264,100,4
2980,278,98,43
2981,280,100,42
2982,266,96,13
2983,290,100,4
2984,245,95,27
2985,262,97,21
2986,272,100,9
2987,273,98,28
2988,246,100,56
2989,264,99,5
2990,255,100,24
2991,267,99,60
2992,257,87,10
2993,263,98,19
2994,257,99,56
2995,267,99,4
2996,261,88,44
2997,270,99,45
2998,279,99,9
2999,250,100,4
3000,261,99,21
3001,266,89,14
3002,251,100,10
3003,293,94,34
3004,238,100,18
3005,253,97,5
3006,277,98,30
3007,231,100,23
3008,287,96,5
3009,246,100,18
3010,305,92,31
3011,236,98,8
3012,292,88,5
3013,234,99,44
3014,288,95,27
3015,231,99,9
3016,262,96,28
3017,255,100,14
3018,259,99,4
3019,270,99,56
3020,240,90,13
3021,262,97,5
3022,270,95,14
3023,225,98,9
3024,270,100,56
3025,238,100,9
3026,257,99,10
3027,254,100,31
3028,249,99,9
3029,278,100,41
3030,248,96,37
3031,259,99,10
3032,270,96,66
3033,234,100,32
3034,286,98,11
3035,239,100,40
3036,279,96,70
3037,237,97,9
3038,274,96,50
3039,251,99,37
3040,278,91,5
3041,262,93,28
3042,267,97,48
3043,232,99,9
3044,272,97,5
3045,224,99,14
3046,270,93,5
3047,273,100,38
3048,249,99,9
3049,290,92,10
3050,244,100,36
3051,275,89,61
3052,227,97,4
3053,271,97,69
3054,238,100,9
3055,243,99,5
3056,279,97,38
3057,225,98,9
3058,284,95,11
3059,235,95,22
3060,277,98,5
3061,249,87,37
3062,239,99,30
3063,261,99,5
3064,254,99,65
3065,235,99,20
3066,270,97,11
3067,227,99,18
3068,283,98,11
3069,226,95,18
3070,270,95,22
3071,250,93,33
3072,247,99,58
3073,258,99,5
3074,242,100,35
3075,251,99,26
3076,260,100,5
3077,287,96,55
3078,327,100,18
3079,246,96,8
3080,306,95,5
3081,275,100,29
3082,282,98,57
3083,236,97,32
3084,247,97,10
3085,247,99,69
3086,254,98,15
3087,250,100,5
3088,260,85,59
3089,219,99,20
3090,262,96,5
3091,243,95,14
3092,245,99,5
3093,237,100,59
3094,256,99,5
3095,243,100,61
3096,268,97,10
3097,234,100,53
3098,251,96,61
3099,232,99,5
3100,265,92,50
3101,221,99,4
3102,258,95,72
3103,233,100,14
3104,254,99,5
3105,227,100,20
3106,277,95,5
3107,223,97,42
3108,238,96,5
3109,232,100,31
3110,266,94,5
3111,217,98,19
3112,239,96,11
3113,236,98,72
3114,246,99,5
3115,231,99,71
3116,242,99,32
3117,232,100,10
3118,245,99,71
3119,242,93,5
3120,247,96,64
3121,284,94,10
3122,263,98,49
3123,242,99,46
3124,304,97,58
3125,257,98,45
3126,254,98,45
3127,278,99,66
3128,284,93,28
3129,272,99,51
3130,278,95,65
3131,283,99,52
3132,244,98,27
3133,266,96,47
3134,269,100,77
3135,267,98,24
3136,271,100,33
3137,283,88,62
3138,240,99,59
3139,249,97,11
3140,256,86,35
3141,237,99,30
3142,284,96,11
3143,219,100,36
3144,258,94,6
3145,231,100,25
3146,266,97,11
3147,252,100,47
3148,268,97,62
3149,262,96,19
3150,241,93,34
3151,234,98,53
3152,243,99,5
3153,242,99,42
3154,257,99,5
3155,213,98,46
3156,274,97,11
3157,214,99,18
3158,249,94,49
3159,262,93,61
3160,212,100,30
3161,241,96,6
3162,235,100,33
3163,233,100,10
3164,243,98,33
3165,207,100,5
3166,249,98,74
3167,236,100,20
3168,240,87,32
3169,206,100,5
3170,249,90,55
3171,228,99,37
3172,243,98,22
3173,236,93,5
3174,212,100,62
3175,238,97,11
3176,263,92,54
3177,208,99,29
3178,265,96,88
3179,231,94,14
3180,232,95,49
3181,240,89,11
3182,217,100,44
3183,235,99,11
3184,250,99,91
3185,212,99,10
3186,258,95,42
3187,261,99,15
3188,247,100,59
3189,228,92,15
3190,212,100,28
3191,242,92,12
3192,237,98,32
3193,233,100,11
3194,232,99,37
3195,245,99,17
3196,216,99,46
3197,228,99,12
3198,243,99,50
3199,209,100,5
3200,253,90,36
3201,243,93,5
3202,222,100,31
3203,211,99,5
3204,247,99,36
3205,211,99,5
3206,242,97,41
3207,249,100,10
3208,218,99,62
3209,227,98,11
3210,252,98,65
3211,225,97,10
3212,220,96,28
3213,251,94,6
3214,207,99,30
3215,242,92,12
3216,239,100,26
3217,200,100,5
3218,238,96,13
3219,242,100,16
3220,230,99,5
3221,230,81,62
3222,228,99,5
3223,217,99,23
3224,250,92,12
3225,218,99,45
3226,241,92,5
3227,199,100,44
3228,234,96,6
3229,239,93,22
3230,220,100,5
3231,235,100,23
3232,230,93,27
3233,207,99,17
3234,242,88,54
3235,228,97,5
3236,223,99,22
3237,231,99,5
3238,231,99,68
3239,216,98,5
3240,257,99,60
3241,206,97,5
3242,231,94,19
3243,233,100,5
3244,250,93,56
3245,228,94,15
3246,246,99,56
3247,224,98,20
3248,252,96,69
3249,226,99,10
3250,224,100,58
3251,223,99,11
3252,249,100,70
3253,209,100,5
3254,237,94,61
3255,235,100,16
3256,248,94,39
3257,219,98,5
3258,243,98,35
3259,218,100,5
3260,250,97,23
3261,232,100,47
3262,218,100,22
3263,227,99,5
3264,245,99,16
3265,226,93,64
3266,222,98,11
3267,245,92,83
3268,223,99,5
3269,216,100,64
3270,247,98,6
3271,217,100,26
3272,242,98,5
3273,227,100,42
3274,228,99,11
3275,220,99,75
3276,243,92,5
3277,226,97,63
3278,231,96,5
3279,227,96,34
3280,233,99,5
3281,212,99,27
3282,242,98,6
3283,220,99,46
3284,230,99,71
3285,233,98,5
3286,221,100,28
3287,235,93,5
3288,242,98,27
3289,229,94,10
3290,237,100,75
3291,251,97,10
3292,256,99,20
3293,209,98,14
3294,259,97,6
3295,203,100,9
3296,249,94,6
3297,249,96,15
3298,227,100,73
3299,265,93,34
3300,214,100,19
3301,230,94,49
3302,241,99,11
3303,225,100,37
3304,250,98,11
3305,224,100,31
3306,235,98,17
3307,235,99,70
3308,250,95,11
3309,237,98,37
3310,236,94,5
3311,218,99,44
3312,228,100,5
3313,214,99,52
3314,270,99,6
3315,198,98,14
3316,258,97,12
3317,225,99,20
3318,249,92,11
3319,201,100,47
3320,265,94,6
3321,205,98,9
3322,234,91,12
3323,252,99,22
3324,270,100,56
3325,250,100,61
3326,286,98,47
3327,233,98,68
3328,286,95,74
3329,263,97,44
3330,277,95,19
3331,238,97,48
3332,249,96,53
3333,237,100,15
3334,250,99,59
3335,252,100,15
3336,227,99,25
3337,241,99,22
3338,278,86,51
3339,222,99,27
3340,291,94,12
3341,329,96,35
3342,240,88,36
3343,267,97,47
3344,298,98,4
3345,261,100,21
3346,229,97,44
3347,227,96,5
3348,272,86,46
3349,214,98,9
3350,236,94,6
3351,249,98,11
3352,229,100,36
3353,258,87,16
3354,222,100,5
3355,226,95,30
3356,242,98,5
3357,238,100,16
3358,223,94,5
3359,229,99,70
3360,259,94,5
3361,205,100,25
3362,240,96,5
3363,217,100,44
3364,244,98,11
3365,210,100,21
3366,238,98,6
3367,222,100,5
3368,247,98,41
3369,221,100,15
3370,257,92,48
3371,221,94,15
3372,225,98,62
3373,218,98,5
3374,227,100,54
3375,217,99,11
3376,231,99,53
3377,211,98,5
3378,251,99,18
3379,219,100,31
3380,240,92,17
3381,210,99,64
3382,264,94,6
3383,212,95,45
3384,226,97,11
3385,261,99,41
3386,270,99,24
3387,239,99,62
3388,252,100,86
3389,268,99,15
3390,243,99,49
3391,270,94,81
3392,269,95,19
3393,228,97,57
3394,273,94,80
3395,231,99,23
3396,261,97,44
3397,251,100,14
3398,260,99,37
3399,236,99,63
3400,254,94,11
3401,213,100,61
3402,253,98,12
3403,257,95,61
3404,237,96,19
3405,226,94,5
3406,225,100,17
3407,229,100,41
3408,253,99,5
3409,216,99,30
3410,252,95,12
3411,246,87,55
3412,215,99,15
3413,255,88,12
3414,204,99,10
3415,236,97,6
3416,245,100,5
3417,208,100,57
3418,245,97,12
3419,229,100,37
3420,230,99,11
3421,250,93,28
3422,232,99,5
3423,213,96,67
3424,248,92,5
3425,221,99,46
3426,221,99,6
3427,217,100,46
3428,250,99,5
3429,199,100,20
3430,243,95,6
3431,242,100,16
3432,240,93,5
3433,229,99,64
3434,235,98,11
3435,229,89,44
3436,235,98,5
3437,214,100,22
3438,234,99,12
3439,239,98,11
3440,216,100,50
3441,231,99,6
3442,257,99,33
3443,215,93,14
3444,239,97,12
3445,248,95,5
3446,207,99,62
3447,235,95,12
3448,241,100,48
3449,206,100,11
3450,243,96,31
3451,233,100,10
3452,227,99,55
3453,224,100,5
3454,264,92,34
3455,214,94,4
3456,233,96,24
3457,239,99,5
3458,233,99,50
3459,210,99,10
3460,260,97,63
3461,220,100,5
3462,235,98,23
3463,244,100,5
3464,233,93,54
3465,222,99,5
3466,259,94,39
3467,205,95,5
3468,243,94,44
3469,231,100,10
3470,224,100,67
3471,221,100,5
3472,254,99,23
3473,201,100,5
3474,243,96,13
3475,264,92,68
3476,209,99,14
3477,245,94,6
3478,232,100,20
3479,217,98,5
3480,251,99,12
3481,208,97,25
3482,247,95,12
3483,228,99,58
3484,224,100,11
3485,228,98,48
3486,252,93,5
3487,204,97,25
3488,237,95,6
3489,255,92,43
3490,203,97,5
3491,226,99,55
3492,242,99,11
3493,222,100,57
3494,231,99,5
3495,235,99,46
3496,223,99,5
3497,234,92,71
3498,235,100,5
3499,229,93,16
3500,216,96,5
3501,237,100,12
3502,230,99,32
3503,210,99,5
3504,236,98,79
3505,222,100,5
3506,233,100,47
3507,247,99,5
3508,229,94,51
3509,221,99,5
3510,246,89,71
3511,201,99,5
3512,247,97,71
3513,239,99,5
3514,227,99,63
3515,217,99,5
3516,245,99,24
3517,216,99,5
3518,233,98,12
3519,241,96,27
3520,209,99,21
3521,238,88,6
3522,234,100,5
3523,210,100,27
3524,230,98,6
3525,235,99,55
3526,219,99,5
3527,217,100,66
3528,243,99,6
3529,220,99,21
3530,238,94,5
3531,227,98,21
3532,238,97,11
3533,208,99,5
3534,244,96,18
3535,217,100,5
3536,238,98,43
3537,229,100,5
3538,229,99,34
3539,236,99,5
3540,244,99,62
3541,240,91,5
3542,222,100,38
3543,248,93,5
3544,211,99,52
3545,225,97,12
3546,250,100,40
3547,218,99,15
3548,226,99,72
3549,230,99,11
3550,223,100,52
3551,238,91,5
3552,234,100,27
3553,221,92,5
3554,231,99,11
3555,229,98,28
3556,220,99,11
3557,218,100,88
3558,241,99,17
3559,219,99,42
3560,238,97,6
3561,229,100,32
3562,246,91,5
3563,205,100,37
3564,253,93,6
3565,222,94,25
3566,221,99,5
3567,233,99,28
3568,223,99,11
3569,216,99,17
3570,243,99,6
3571,215,99,5
3572,236,98,77
3573,244,97,5
3574,220,99,26
3575,234,87,5
3576,235,100,50
3577,215,99,5
3578,231,96,55
3579,247,99,11
3580,211,99,41
3581,229,98,6
3582,276,99,33
3583,260,99,28
3584,270,96,44
3585,254,94,72
3586,241,99,20
3587,263,98,64
3588,243,100,50
3589,248,99,16
3590,226,98,25
3591,246,100,17
3592,239,99,32
3593,230,99,10
3594,249,90,39
3595,224,100,5
3596,237,94,45
3597,234,86,5
3598,244,99,38
3599,222,99,5
3600,241,98,45
3601,239,100,5
3602,230,99,32
3603,231,99,5
3604,278,94,22
3605,217,99,4
3606,252,97,12
3607,280,96,15
3608,316,97,9
3609,224,98,52
3610,282,95,40
3611,267,100,9
3612,253,100,4
3613,222,98,51
3614,228,96,17
3615,241,100,40
3616,256,93,5
3617,213,99,51
3618,230,97,11
3619,228,99,40
3620,232,98,5
3621,219,100,71
3622,231,99,6
3623,222,100,38
3624,249,99,11
3625,230,90,56
3626,229,100,5
3627,252,83,55
3628,221,100,10
3629,228,98,47
3630,228,100,11
3631,226,100,44
3632,237,99,17
3633,219,99,70
3634,240,99,12
3635,225,94,42
3636,225,100,5
3637,221,98,18
3638,230,99,5
3639,229,92,5
3640,229,99,56
3641,213,100,5
3642,232,98,30
3643,224,99,5
3644,230,100,46
3645,227,99,5
3646,232,100,66
3647,233,93,5
3648,231,98,16
3649,218,95,11
3650,238,97,12
3651,216,100,65
3652,235,98,12
3653,221,100,27
3654,228,99,5
3655,219,99,52
3656,244,99,11
3657,233,93,58
3658,222,100,5
3659,238,97,70
3660,257,98,5
3661,225,100,29
3662,232,92,5
3663,239,99,65
3664,212,99,5
3665,231,99,61
3666,242,99,5
3667,214,99,60
3668,242,98,5
3669,257,94,27
3670,242,95,9
3671,196,98,42
3672,260,98,6
3673,201,100,15
3674,237,97,12
3675,232,100,16
3676,229,100,10
3677,222,99,23
3678,249,100,5
3679,234,93,10
3680,232,98,5
3681,242,93,22
3682,205,99,5
3683,234,95,26
3684,237,99,21
3685,215,100,5
3686,233,99,36
3687,233,98,5
3688,225,100,60
3689,242,98,5
3690,251,94,21
3691,211,99,5
3692,242,93,24
3693,241,100,5
3694,223,99,38
3695,227,99,11
3696,250,99,50
3697,216,99,10
3698,255,96,37
3699,243,100,9
3700,246,94,48
3701,228,99,10
3702,230,98,72
3703,230,92,5
3704,247,99,39
3705,205,98,5
3706,242,96,81
3707,251,100,32
3708,214,99,25
3709,232,99,6
3710,246,99,52
3711,217,100,5
3712,244,92,29
3713,238,98,5
3714,222,100,16
3715,234,87,5
3716,236,100,37
3717,218,99,16
3718,230,99,30
3719,243,99,5
3720,217,100,52
3721,233,99,6
3722,243,93,28
3723,224,100,5
3724,240,95,65
3725,250,99,10
3726,213,99,60
3727,240,98,6
3728,238,99,16
3729,215,99,5
3730,241,96,61
3731,239,100,5
3732,228,99,37
3733,244,93,5
3734,251,97,48
3735,219,90,5
3736,245,97,48
3737,228,99,5
3738,225,99,61
3739,222,99,11
3740,250,99,72
3741,213,100,5
3742,255,97,66
3743,246,95,5
3744,215,100,63
3745,240,96,5
3746,241,100,59
3747,231,88,5
3748,225,99,39
3749,245,98,11
3750,229,99,64
3751,226,100,5
3752,249,99,70
3753,226,99,5
3754,243,93,22
3755,248,99,5
3756,223,92,57
3757,218,98,5
3758,250,99,42
3759,212,99,10
3760,239,97,67
3761,238,100,5
3762,218,100,64
3763,240,97,5
3764,247,90,16
3765,212,99,5
3766,255,91,77
3767,267,99,5
3768,213,98,52
3769,236,96,6
3770,223,99,65
3771,222,100,5
3772,238,98,41
3773,224,100,5
3774,231,98,66
3775,244,88,5
3776,224,100,21
3777,243,94,5
3778,246,100,27
3779,222,99,5
3780,243,97,71
3781,233,100,10
3782,224,100,66
3783,222,99,5
3784,253,100,69
3785,227,99,5
3786,247,94,68
3787,235,99,10
3788,236,89,62
3789,213,100,5
3790,241,98,80
3791,229,100,5
3792,231,99,70
3793,242,99,5
3794,221,99,21
3795,239,99,5
3796,246,99,16
3797,226,88,16
3798,226,99,63
3799,247,95,5
3800,227,100,15
3801,225,100,5
3802,242,99,17
3803,226,99,5
3804,237,100,45
3805,237,99,5
3806,227,99,16
3807,244,85,5
3808,236,100,26
3809,223,99,5
3810,230,96,29
